weight_1,weight_2,weight_3,weight_4,objective_1,objective_2,objective_3,objective_4
1.5067401783934902,0.9823268892304556,0.48131213141119505,1.5472926790512704,0.0,0.0,0.0,0.0
