weight_1,weight_2,weight_3,weight_4,objective_1,objective_2,objective_3,objective_4
1.9445286470658523,2.006737319375063,0.5287487209294133,0.10809539445494688,0.0,0.0,0.0,0.0
